	V1
"Topic74 (male, gingiva, female, mucosa, dorsum)"	0.31726541
"Topic76 (phyllosphere, field, lettuce, sativa, material)"	0.19891864
"Topic59 (skin, sediment, disease, female, oil)"	0.15293668
"Topic18 (soil, lettuce, sediment, arable, bovine)"	0.12994772
"Topic48 (america, skin, dog, organismal, pet)"	0.06258002
"Topic4 (mosquito, acinetobacter, gambiae, anopheles, male)"	0.044386042
"Topic73 (mouse, gut, fecal, gnotobiotic, healthy)"	0.034988638
"Topic79 (gut, male, female, feces, stool)"	0.016404583
"Topic66 (disease, skin, fossa, male, crease)"	0.013001329
"Topic15 (dorsum, female, male, oral, plaque)"	0.010804868
"Topic56 (sludge, activate, wastewater, bioreactor, plant)"	0.007400605
"Topic37 (female, vaginal, introitus, vagina, fornix)"	0.00541075
"Topic20 (oral, female, saliva, vaginal, male)"	0.003816126
"Topic53 (water, freshwater, river, wastewater, lake)"	0.000804399
"Topic78 (kwashiorkor, gut, fecal, mouse, gnotobiotic)"	0.000604834
"Topic12 (tonsil, diseased, oral, canal, root)"	0.000408383
"Topic24 (gut, swine, feces, rumen, pig)"	1.85E-05
"Topic13 (male, disease, naris, skin, female)"	1.07E-05
"Topic45 (america, arable, dog, organismal, door)"	1.02E-05
"Topic30 (male, female, tonsil, palate, dorsum)"	9.89E-06
"Topic31 (gut, fecal, male, disease, feces)"	9.46E-06
"Topic51 (feces, gut, intestinal, pig, antibiotic)"	9.44E-06
"Topic16 (gut, mouse, fecal, gnotobiotic, kwashiorkor)"	9.37E-06
"Topic62 (male, gingiva, mucosal, mucosa, bovine)"	9.27E-06
"Topic21 (esophageal, mucosa, adenocarcinoma, male, female)"	8.94E-06
"Topic72 (oral, healthy, dog, america, adult)"	8.26E-06
"Topic28 (gut, america, fecal, abdominal, recurrent)"	8.10E-06
"Topic68 (gut, infant, pig, role, uncultivated)"	7.71E-06
"Topic23 (crease, male, disease, skin, fossa)"	7.58E-06
"Topic54 (soil, field, terrestrial, compost, agricultural)"	7.23E-06
"Topic6 (soil, rhizosphere, field, garden, ant)"	7.09E-06
"Topic44 (sand, oil, depth, normal, hydrocarbon)"	7.05E-06
"Topic49 (plaque, male, female, dental, kingdom)"	6.91E-06
"Topic41 (mouse, gut, diet, stool, feces)"	6.82E-06
"Topic9 (gut, healthy, kwashiorkor, twin, fecal)"	6.74E-06
"Topic32 (female, male, vaginal, sapiens, perianal)"	6.62E-06
"Topic27 (skin, forearm, volar, surface, hand)"	6.25E-06
"Topic42 (horse, rumen, kingdom, gut, colon)"	6.24E-06
"Topic5 (root, endophyte, rhizosphere, compartment, germany)"	6.11E-06
"Topic35 (ant, mosquito, attine, gamboa, nest)"	5.42E-06
"Topic67 (mouse, gut, mycobacterium, tuberculosis, stool)"	4.85E-06
"Topic19 (soil, rhizosphere, plate, farm, root)"	4.84E-06
"Topic2 (gut, ant, patient, marsh, fungus)"	4.77E-06
"Topic55 (spring, sediment, hot, anaerobic, canada)"	4.63E-06
"Topic46 (biofilm, water, drink, copper, grow)"	4.62E-06
"Topic17 (soil, forest, temperate, wood, peat)"	4.51E-06
"Topic64 (gut, feces, china, dietary, faecal)"	4.43E-06
"Topic61 (esophageal, adenocarcinoma, stomach, foregut, adult)"	4.37E-06
"Topic65 (phyllosphere, sativa, field, lettuce, vancomycin)"	4.31E-06
"Topic70 (marine, sediment, sponge, sea, deep)"	4.29E-06
"Topic34 (sediment, marine, coastal, marsh, mat)"	4.29E-06
"Topic75 (gut, mouse, musculus, mu, fermentation)"	4.17E-06
"Topic3 (water, freshwater, baltic, lake, sea)"	4.09E-06
"Topic47 (mouse, fecal, gnotobiotic, recipient, kwashiorkor)"	4.00E-06
"Topic60 (skin, healthy, canine, esophageal, milk)"	3.72E-06
"Topic77 (sediment, digester, pit, anaerobic, mud)"	3.57E-06
"Topic50 (gut, varians, ant, cephalotes, insect)"	3.46E-06
"Topic29 (dental, terrestrial, oral, biofilm, industrial)"	3.44E-06
"Topic63 (marine, water, coastal, sea, seawater)"	3.24E-06
"Topic57 (sand, marine, beach, surface, fish)"	3.16E-06
"Topic33 (gut, stool, neonatal, sapiens, healthy)"	3.15E-06
"Topic11 (beach, sand, marine, surface, oil)"	3.07E-06
"Topic36 (gut, terrestrial, aries, ovis, rumen)"	2.94E-06
"Topic52 (vaginal, female, american, african, introitus)"	2.80E-06
"Topic25 (vaginal, gut, female, america, healthy)"	2.71E-06
"Topic39 (marine, minimum, oxygen, zone, ocean)"	2.53E-06
"Topic26 (spring, hot, sediment, archaeal, canada)"	2.15E-06
"Topic22 (mouse, fecal, diet, healthy, gnotobiotic)"	2.14E-06
"Topic1 (marsh, marine, anthropogenic, fecal, sippewissett)"	2.13E-06
"Topic0 (marine, mat, hydrothermal, vent, water)"	2.02E-06
"Topic38 (disease, skin, hand, naris, male)"	1.71E-06
"Topic40 (water, sea, marine, saline, ocean)"	1.64E-06
"Topic7 (water, marine, sea, seawater, compartment)"	1.55E-06
"Topic58 (marine, spring, lake, water, hot)"	1.49E-06
"Topic43 (female, vaginal, introitus, fornix, scot)"	1.44E-06
"Topic8 (hydrocarbon, tail, water, pond, oil)"	1.24E-06
"Topic14 (coral, skin, reef, marine, healthy)"	1.12E-06
"Topic71 (mine, tail, compost, spring, natural)"	1.09E-06
"Topic69 (bee, gut, sediment, marine, colony)"	8.79E-07
"Topic10 (concrete, biofilms, corrosion, biofilm, rocky)"	4.89E-07