	genus	phylum_class	Nreads	pct.Nreads
159	GpI	Cyanobacteria_Chloroplast	316	10.01267427
355	Sphingomonas	Alphaproteobacteria	221	7.002534854
109	Deinococcus	Deinococcus_Thermus	152	4.816223067
96	Coxiella	Gammaproteobacteria	135	4.27756654
97	Craurococcus	Alphaproteobacteria	132	4.182509506
95	Corynebacterium	Actinobacteria	89	2.820025349
147	Gemmatimonas	Gemmatimonadetes	77	2.439797212
180	Hymenobacter	Bacteroidetes	72	2.281368821
63	Blastococcus	Actinobacteria	67	2.122940431
156	Gp4	Acidobacteria	65	2.059569075
222	Methylobacterium	Alphaproteobacteria	65	2.059569075
323	Rubellimicrobium	Alphaproteobacteria	64	2.027883397
366	Staphylococcus	Firmicutes	45	1.425855513
320	Roseomonas	Alphaproteobacteria	43	1.362484157
228	Microlunatus	Actinobacteria	35	1.108998733
373	Streptophyta	Cyanobacteria_Chloroplast	35	1.108998733
220	Massilia	Betaproteobacteria	34	1.077313054
246	Nocardioides	Actinobacteria	32	1.013941698
352	Sphaerobacter	Chloroflexi	30	0.950570342
142	Friedmanniella	Actinobacteria	29	0.918884664
94	Conexibacter	Actinobacteria	28	0.887198986
194	Kocuria	Actinobacteria	26	0.82382763
5	Acidisphaera	Alphaproteobacteria	25	0.792141952
43	Arthrobacter	Actinobacteria	25	0.792141952
326	Rubrobacter	Actinobacteria	24	0.760456274
144	Gardnerella	Actinobacteria	23	0.728770596
201	Lactobacillus	Firmicutes	22	0.697084918
262	Paracoccus	Alphaproteobacteria	22	0.697084918
126	Enhydrobacter	Gammaproteobacteria	21	0.66539924
286	Propionibacterium	Actinobacteria	21	0.66539924
370	Streptococcus	Firmicutes	21	0.66539924
295	Pseudonocardia	Actinobacteria	20	0.633713561
9	Acinetobacter	Gammaproteobacteria	19	0.602027883
363	Sporichthya	Actinobacteria	19	0.602027883
139	Flavisolibacter	Bacteroidetes	18	0.570342205
145	Geminicoccus	Alphaproteobacteria	17	0.538656527
150	Geodermatophilus	Actinobacteria	17	0.538656527
167	GpXIII	Cyanobacteria_Chloroplast	16	0.506970849
361	Spirosoma	Bacteroidetes	16	0.506970849
162	GpV	Cyanobacteria_Chloroplast	15	0.475285171
219	Marmoricola	Actinobacteria	15	0.475285171
233	Modestobacter	Actinobacteria	15	0.475285171
160	GpIV	Cyanobacteria_Chloroplast	14	0.443599493
41	Armatimonas/Armatimonadetes_gp1	Armatimonadetes	13	0.411913815
231	Microvirga	Alphaproteobacteria	13	0.411913815
349	Solirubrobacter	Actinobacteria	13	0.411913815
392	Truepera	Deinococcus_Thermus	13	0.411913815
6	Aciditerrimonas	Actinobacteria	12	0.380228137
77	Cellulomonas	Actinobacteria	12	0.380228137
98	Croceicoccus	Alphaproteobacteria	12	0.380228137
381	TM7_genera_incertae_sedis	TM7	12	0.380228137
23	Alkanindiges	Gammaproteobacteria	11	0.348542459
104	Cystobacter	Deltaproteobacteria	11	0.348542459
182	Iamia	Actinobacteria	10	0.316856781
189	Kineococcus	Actinobacteria	10	0.316856781
248	Novosphingobium	Alphaproteobacteria	10	0.316856781
354	Sphingobium	Alphaproteobacteria	10	0.316856781
372	Streptomyces	Actinobacteria	10	0.316856781
52	Bacillus	Firmicutes	9	0.285171103
146	Gemmata	Planctomycetes	9	0.285171103
226	Microbacterium	Actinobacteria	9	0.285171103
260	Pantoea	Gammaproteobacteria	9	0.285171103
294	Pseudomonas	Gammaproteobacteria	9	0.285171103
26	Amaricoccus	Alphaproteobacteria	8	0.253485425
70	Brevundimonas	Alphaproteobacteria	8	0.253485425
85	Chlorophyta	Cyanobacteria_Chloroplast	8	0.253485425
140	Flavobacterium	Bacteroidetes	8	0.253485425
227	Micrococcus	Actinobacteria	8	0.253485425
237	Mycobacterium	Actinobacteria	8	0.253485425
313	Rhodopila	Alphaproteobacteria	8	0.253485425
400	Variovorax	Betaproteobacteria	8	0.253485425
14	Actinoplanes	Actinobacteria	7	0.221799747
64	Blastomonas	Alphaproteobacteria	7	0.221799747
155	Gp3	Acidobacteria	7	0.221799747
158	Gp6	Acidobacteria	7	0.221799747
322	Rothia	Actinobacteria	7	0.221799747
345	Skermanella	Alphaproteobacteria	7	0.221799747
13	Actinomycetospora	Actinobacteria	6	0.190114068
25	Altererythrobacter	Alphaproteobacteria	6	0.190114068
114	Derxia	Betaproteobacteria	6	0.190114068
133	Escherichia/Shigella	Gammaproteobacteria	6	0.190114068
184	Ilumatobacter	Actinobacteria	6	0.190114068
282	Porphyrobacter	Alphaproteobacteria	6	0.190114068
47	Atopobium	Actinobacteria	5	0.15842839
65	Blautia	Firmicutes	5	0.15842839
67	Brachybacterium	Actinobacteria	5	0.15842839
76	Caulobacter	Alphaproteobacteria	5	0.15842839
86	Chryseobacterium	Bacteroidetes	5	0.15842839
113	Dermacoccus	Actinobacteria	5	0.15842839
132	Erythrobacter	Alphaproteobacteria	5	0.15842839
187	Janthinobacterium	Betaproteobacteria	5	0.15842839
200	Lachnospiracea_incertae_sedis	Firmicutes	5	0.15842839
253	Okibacterium	Actinobacteria	5	0.15842839
314	Rhodoplanes	Alphaproteobacteria	5	0.15842839
16	Adhaeribacter	Bacteroidetes	4	0.126742712
19	Aeromicrobium	Actinobacteria	4	0.126742712
22	Albidiferax	Betaproteobacteria	4	0.126742712
35	Aquabacterium	Betaproteobacteria	4	0.126742712
53	Bacteroides	Bacteroidetes	4	0.126742712
60	Bellilinea	Chloroflexi	4	0.126742712
61	Belnapia	Alphaproteobacteria	4	0.126742712
72	Burkholderia	Betaproteobacteria	4	0.126742712
81	Chelatococcus	Alphaproteobacteria	4	0.126742712
91	Clostridium sensu stricto	Firmicutes	4	0.126742712
93	Comamonas	Betaproteobacteria	4	0.126742712
102	Curvibacter	Betaproteobacteria	4	0.126742712
120	Duganella	Betaproteobacteria	4	0.126742712
123	Edwardsiella	Gammaproteobacteria	4	0.126742712
178	Humicoccus	Actinobacteria	4	0.126742712
185	Intrasporangium	Actinobacteria	4	0.126742712
208	Loktanella	Alphaproteobacteria	4	0.126742712
212	Lysobacter	Gammaproteobacteria	4	0.126742712
224	Methylocystis	Alphaproteobacteria	4	0.126742712
261	Parachlamydia	Chlamydiae	4	0.126742712
270	Pelomonas	Betaproteobacteria	4	0.126742712
276	Pimelobacter	Actinobacteria	4	0.126742712
284	Prevotella	Bacteroidetes	4	0.126742712
299	Quadrisphaera	Actinobacteria	4	0.126742712
300	Ralstonia	Betaproteobacteria	4	0.126742712
307	Rhizobium	Alphaproteobacteria	4	0.126742712
397	Undibacterium	Betaproteobacteria	4	0.126742712
409	Yimella	Actinobacteria	4	0.126742712
414	unclassified_Acidobacteria_Gp3	Acidobacteria	4	0.126742712
4	Acidisoma	Alphaproteobacteria	3	0.095057034
8	Acidovorax	Betaproteobacteria	3	0.095057034
18	Aerococcus	Firmicutes	3	0.095057034
20	Aeromonas	Gammaproteobacteria	3	0.095057034
33	Angustibacter	Actinobacteria	3	0.095057034
40	Armatimonadetes_gp5	Armatimonadetes	3	0.095057034
48	Aurantimonas	Alphaproteobacteria	3	0.095057034
49	Auritidibacter	Actinobacteria	3	0.095057034
69	Bradyrhizobium	Alphaproteobacteria	3	0.095057034
73	Byssovorax	Deltaproteobacteria	3	0.095057034
79	Cellvibrio	Gammaproteobacteria	3	0.095057034
99	Crossiella	Actinobacteria	3	0.095057034
107	Defluviicoccus	Alphaproteobacteria	3	0.095057034
135	Ferruginibacter	Bacteroidetes	3	0.095057034
138	Finegoldia	Firmicutes	3	0.095057034
153	Gordonia	Actinobacteria	3	0.095057034
165	GpXI	Cyanobacteria_Chloroplast	3	0.095057034
181	Hyphomicrobium	Alphaproteobacteria	3	0.095057034
198	Kytococcus	Actinobacteria	3	0.095057034
202	Lactococcus	Firmicutes	3	0.095057034
239	Nakamurella	Actinobacteria	3	0.095057034
241	Neoasaia	Alphaproteobacteria	3	0.095057034
258	Oxalicibacterium	Betaproteobacteria	3	0.095057034
265	Pasteuria	Firmicutes	3	0.095057034
266	Patulibacter	Actinobacteria	3	0.095057034
267	Paucibacter	Betaproteobacteria	3	0.095057034
287	Propionicicella	Actinobacteria	3	0.095057034
298	Psychrobacter	Gammaproteobacteria	3	0.095057034
319	Roseococcus	Alphaproteobacteria	3	0.095057034
329	Salinarimonas	Alphaproteobacteria	3	0.095057034
331	Salisaeta	Bacteroidetes	3	0.095057034
334	Sanguibacter	Actinobacteria	3	0.095057034
340	Singulisphaera	Planctomycetes	3	0.095057034
350	Sorangium	Deltaproteobacteria	3	0.095057034
356	Sphingopyxis	Alphaproteobacteria	3	0.095057034
385	Tetrasphaera	Actinobacteria	3	0.095057034
406	Weissella	Firmicutes	3	0.095057034
2	Acidicaldus	Alphaproteobacteria	2	0.063371356
12	Actinomyces	Actinobacteria	2	0.063371356
15	Actinopolymorpha	Actinobacteria	2	0.063371356
29	Anaerococcus	Firmicutes	2	0.063371356
38	Arenimonas	Gammaproteobacteria	2	0.063371356
44	Asaia	Alphaproteobacteria	2	0.063371356
55	Barnesiella	Bacteroidetes	2	0.063371356
58	Bdellovibrio	Deltaproteobacteria	2	0.063371356
71	Brooklawnia	Actinobacteria	2	0.063371356
80	Cesiribacter	Bacteroidetes	2	0.063371356
84	Chloroflexus	Chloroflexi	2	0.063371356
90	Clostridium IV	Firmicutes	2	0.063371356
100	Cryptomonadaceae	Cyanobacteria_Chloroplast	2	0.063371356
117	Dietzia	Actinobacteria	2	0.063371356
127	Enterobacter	Gammaproteobacteria	2	0.063371356
129	Epilithonimonas	Bacteroidetes	2	0.063371356
134	Exiguobacterium	Firmicutes	2	0.063371356
136	Fibrella	Bacteroidetes	2	0.063371356
137	Fibrisoma	Bacteroidetes	2	0.063371356
161	GpIX	Cyanobacteria_Chloroplast	2	0.063371356
163	GpVI	Cyanobacteria_Chloroplast	2	0.063371356
169	Haemophilus	Gammaproteobacteria	2	0.063371356
171	Haliangium	Deltaproteobacteria	2	0.063371356
186	Janibacter	Actinobacteria	2	0.063371356
190	Kineosporia	Actinobacteria	2	0.063371356
192	Kluyvera	Gammaproteobacteria	2	0.063371356
195	Krasilnikovia	Actinobacteria	2	0.063371356
199	Labrys	Alphaproteobacteria	2	0.063371356
203	Leclercia	Gammaproteobacteria	2	0.063371356
204	Leifsonia	Actinobacteria	2	0.063371356
205	Leucobacter	Actinobacteria	2	0.063371356
206	Leuconostoc	Firmicutes	2	0.063371356
207	Limnobacter	Betaproteobacteria	2	0.063371356
209	Longilinea	Chloroflexi	2	0.063371356
214	Marihabitans	Actinobacteria	2	0.063371356
221	Mesorhizobium	Alphaproteobacteria	2	0.063371356
229	Micromonospora	Actinobacteria	2	0.063371356
232	Mobilicoccus	Actinobacteria	2	0.063371356
234	Moraxella	Gammaproteobacteria	2	0.063371356
238	Myroides	Bacteroidetes	2	0.063371356
249	OD1_genera_incertae_sedis	OD1	2	0.063371356
250	Oceanibaculum	Alphaproteobacteria	2	0.063371356
271	Peredibacter	Deltaproteobacteria	2	0.063371356
277	Piscinibacter	Betaproteobacteria	2	0.063371356
281	Polaromonas	Betaproteobacteria	2	0.063371356
288	Propioniferax	Actinobacteria	2	0.063371356
290	Pseudoalteromonas	Gammaproteobacteria	2	0.063371356
305	Rheinheimera	Gammaproteobacteria	2	0.063371356
311	Rhodococcus	Actinobacteria	2	0.063371356
318	Roseiflexus	Chloroflexi	2	0.063371356
321	Roseovarius	Alphaproteobacteria	2	0.063371356
333	Sandaracinobacter	Alphaproteobacteria	2	0.063371356
339	Simplicispira	Betaproteobacteria	2	0.063371356
341	Sinobaca	Firmicutes	2	0.063371356
358	Spirillospora	Actinobacteria	2	0.063371356
360	Spiroplasma	Tenericutes	2	0.063371356
369	Streptoalloteichus	Actinobacteria	2	0.063371356
374	Subdivision3_genera_incertae_sedis	Verrucomicrobia	2	0.063371356
380	Syntrophus	Deltaproteobacteria	2	0.063371356
383	Terrimonas	Bacteroidetes	2	0.063371356
394	Tumebacillus	Firmicutes	2	0.063371356
402	Virgisporangium	Actinobacteria	2	0.063371356
405	Wautersiella	Bacteroidetes	2	0.063371356
411	Zimmermannella	Actinobacteria	2	0.063371356
1	Acetobacter	Alphaproteobacteria	1	0.031685678
3	Acidiphilium	Alphaproteobacteria	1	0.031685678
7	Acidothermus	Actinobacteria	1	0.031685678
10	Actibacter	Bacteroidetes	1	0.031685678
11	Actinoallomurus	Actinobacteria	1	0.031685678
17	Aeriscardovia	Actinobacteria	1	0.031685678
21	Agaricicola	Alphaproteobacteria	1	0.031685678
24	Allokutzneria	Actinobacteria	1	0.031685678
27	Aminobacter	Alphaproteobacteria	1	0.031685678
28	Amorphus	Alphaproteobacteria	1	0.031685678
30	Anaeromyxobacter	Deltaproteobacteria	1	0.031685678
31	Anaerosphaera	Firmicutes	1	0.031685678
32	Anderseniella	Alphaproteobacteria	1	0.031685678
34	Anoxybacillus	Firmicutes	1	0.031685678
36	Aquamicrobium	Alphaproteobacteria	1	0.031685678
37	Arenicella	Gammaproteobacteria	1	0.031685678
39	Armatimonadetes_gp4	Armatimonadetes	1	0.031685678
42	Arsenicicoccus	Actinobacteria	1	0.031685678
45	Asanoa	Actinobacteria	1	0.031685678
46	Asticcacaulis	Alphaproteobacteria	1	0.031685678
50	Azospirillum	Alphaproteobacteria	1	0.031685678
51	BRC1_genera_incertae_sedis	BRC1	1	0.031685678
54	Balneimonas	Alphaproteobacteria	1	0.031685678
56	Bartonella	Alphaproteobacteria	1	0.031685678
57	Bauldia	Alphaproteobacteria	1	0.031685678
59	Beijerinckia	Alphaproteobacteria	1	0.031685678
62	Blastochloris	Alphaproteobacteria	1	0.031685678
66	Bosea	Alphaproteobacteria	1	0.031685678
68	Brachymonas	Betaproteobacteria	1	0.031685678
74	Caldalkalibacillus	Firmicutes	1	0.031685678
75	Catellatospora	Actinobacteria	1	0.031685678
78	Cellulosimicrobium	Actinobacteria	1	0.031685678
82	Chitinimonas	Betaproteobacteria	1	0.031685678
83	Chitinophaga	Bacteroidetes	1	0.031685678
87	Clavibacter	Actinobacteria	1	0.031685678
88	Cloacibacterium	Bacteroidetes	1	0.031685678
89	Clostridium III	Firmicutes	1	0.031685678
92	Collinsella	Actinobacteria	1	0.031685678
101	Curtobacterium	Actinobacteria	1	0.031685678
103	Cyclobacterium	Bacteroidetes	1	0.031685678
105	Cytophaga	Bacteroidetes	1	0.031685678
106	Dactylosporangium	Actinobacteria	1	0.031685678
108	Dehalogenimonas	Chloroflexi	1	0.031685678
110	Delftia	Betaproteobacteria	1	0.031685678
111	Demequina	Actinobacteria	1	0.031685678
112	Demetria	Actinobacteria	1	0.031685678
115	Devosia	Alphaproteobacteria	1	0.031685678
116	Diaphorobacter	Betaproteobacteria	1	0.031685678
118	Dinoroseobacter	Alphaproteobacteria	1	0.031685678
119	Dokdonella	Gammaproteobacteria	1	0.031685678
121	Dyadobacter	Bacteroidetes	1	0.031685678
122	Dyella	Gammaproteobacteria	1	0.031685678
124	Elizabethkingia	Bacteroidetes	1	0.031685678
125	Empedobacter	Bacteroidetes	1	0.031685678
128	Enterococcus	Firmicutes	1	0.031685678
130	Erwinia	Gammaproteobacteria	1	0.031685678
131	Erysipelotrichaceae_incertae_sedis	Firmicutes	1	0.031685678
141	Fontibacter	Bacteroidetes	1	0.031685678
143	Fusobacterium	Fusobacteria	1	0.031685678
148	Gemmobacter	Alphaproteobacteria	1	0.031685678
149	Geobacter	Deltaproteobacteria	1	0.031685678
151	Georgenia	Actinobacteria	1	0.031685678
152	Geothrix	Acidobacteria	1	0.031685678
154	Gp10	Acidobacteria	1	0.031685678
157	Gp5	Acidobacteria	1	0.031685678
164	GpVIII	Cyanobacteria_Chloroplast	1	0.031685678
166	GpXII	Cyanobacteria_Chloroplast	1	0.031685678
168	Granulicatella	Firmicutes	1	0.031685678
170	Hafnia	Gammaproteobacteria	1	0.031685678
172	Haliscomenobacter	Bacteroidetes	1	0.031685678
173	Halomonas	Gammaproteobacteria	1	0.031685678
174	Heliothrix	Chloroflexi	1	0.031685678
175	Herminiimonas	Betaproteobacteria	1	0.031685678
176	Herpetosiphon	Chloroflexi	1	0.031685678
177	Humibacter	Actinobacteria	1	0.031685678
179	Hydrogenophaga	Betaproteobacteria	1	0.031685678
183	Ideonella	Betaproteobacteria	1	0.031685678
188	Kibdelosporangium	Actinobacteria	1	0.031685678
191	Klebsiella	Gammaproteobacteria	1	0.031685678
193	Knoellia	Actinobacteria	1	0.031685678
196	Kribbella	Actinobacteria	1	0.031685678
197	Kurthia	Firmicutes	1	0.031685678
210	Longispora	Actinobacteria	1	0.031685678
211	Luteimonas	Gammaproteobacteria	1	0.031685678
213	Macrococcus	Firmicutes	1	0.031685678
215	Marinimicrobium	Gammaproteobacteria	1	0.031685678
216	Marinococcus	Firmicutes	1	0.031685678
217	Maritalea	Alphaproteobacteria	1	0.031685678
218	Maritimimonas	Bacteroidetes	1	0.031685678
223	Methylocella	Alphaproteobacteria	1	0.031685678
225	Methylophilus	Betaproteobacteria	1	0.031685678
230	Micropruina	Actinobacteria	1	0.031685678
235	Morganella	Gammaproteobacteria	1	0.031685678
236	Mycetocola	Actinobacteria	1	0.031685678
240	Neisseria	Betaproteobacteria	1	0.031685678
242	Nesterenkonia	Actinobacteria	1	0.031685678
243	Nitrosomonas	Betaproteobacteria	1	0.031685678
244	Nitrosospira	Betaproteobacteria	1	0.031685678
245	Nocardia	Actinobacteria	1	0.031685678
247	Novispirillum	Alphaproteobacteria	1	0.031685678
251	Oceanicola	Alphaproteobacteria	1	0.031685678
252	Ohtaekwangia	Bacteroidetes	1	0.031685678
254	Ornithinicoccus	Actinobacteria	1	0.031685678
255	Ornithinimicrobium	Actinobacteria	1	0.031685678
256	Oryzihumus	Actinobacteria	1	0.031685678
257	Oscillibacter	Firmicutes	1	0.031685678
259	Paenibacillus	Firmicutes	1	0.031685678
263	Parapedobacter	Bacteroidetes	1	0.031685678
264	Paraprevotella	Bacteroidetes	1	0.031685678
268	Pedobacter	Bacteroidetes	1	0.031685678
269	Pelobacter	Deltaproteobacteria	1	0.031685678
272	Phascolarctobacterium	Firmicutes	1	0.031685678
273	Phenylobacterium	Alphaproteobacteria	1	0.031685678
274	Phycicoccus	Actinobacteria	1	0.031685678
275	Pigmentiphaga	Betaproteobacteria	1	0.031685678
278	Planococcaceae_incertae_sedis	Firmicutes	1	0.031685678
279	Planococcus	Firmicutes	1	0.031685678
280	Plesiomonas	Gammaproteobacteria	1	0.031685678
283	Porphyromonas	Bacteroidetes	1	0.031685678
285	Prolixibacter	Bacteroidetes	1	0.031685678
289	Prosthecobacter	Verrucomicrobia	1	0.031685678
291	Pseudochrobactrum	Alphaproteobacteria	1	0.031685678
292	Pseudoclavibacter	Actinobacteria	1	0.031685678
293	Pseudofulvimonas	Gammaproteobacteria	1	0.031685678
296	Pseudorhodobacter	Alphaproteobacteria	1	0.031685678
297	Pseudosporangium	Actinobacteria	1	0.031685678
301	Ramlibacter	Betaproteobacteria	1	0.031685678
302	Rarobacter	Actinobacteria	1	0.031685678
303	Rathayibacter	Actinobacteria	1	0.031685678
304	Renibacterium	Actinobacteria	1	0.031685678
306	Rhizobacter	Gammaproteobacteria	1	0.031685678
308	Rhodobacter	Alphaproteobacteria	1	0.031685678
309	Rhodoblastus	Alphaproteobacteria	1	0.031685678
310	Rhodocista	Alphaproteobacteria	1	0.031685678
312	Rhodocytophaga	Bacteroidetes	1	0.031685678
315	Rhodovarius	Alphaproteobacteria	1	0.031685678
316	Roseateles	Betaproteobacteria	1	0.031685678
317	Roseburia	Firmicutes	1	0.031685678
324	Rubritepida	Alphaproteobacteria	1	0.031685678
325	Rubrivivax	Betaproteobacteria	1	0.031685678
327	Saccharomonospora	Actinobacteria	1	0.031685678
328	Saccharothrix	Actinobacteria	1	0.031685678
330	Salinicoccus	Firmicutes	1	0.031685678
332	Salmonella	Gammaproteobacteria	1	0.031685678
335	Sediminibacter	Bacteroidetes	1	0.031685678
336	Segetibacter	Bacteroidetes	1	0.031685678
337	Segniliparus	Actinobacteria	1	0.031685678
338	Serinicoccus	Actinobacteria	1	0.031685678
342	Sinobacter	Gammaproteobacteria	1	0.031685678
343	Sinorhizobium	Alphaproteobacteria	1	0.031685678
344	Siphonobacter	Bacteroidetes	1	0.031685678
346	Slackia	Actinobacteria	1	0.031685678
347	Sodalis	Gammaproteobacteria	1	0.031685678
348	Solibacillus	Firmicutes	1	0.031685678
351	Spartobacteria_genera_incertae_sedis	Verrucomicrobia	1	0.031685678
353	Sphingobacterium	Bacteroidetes	1	0.031685678
357	Sphingosinicella	Alphaproteobacteria	1	0.031685678
359	Spirochaeta	Spirochaetes	1	0.031685678
362	Sporacetigenium	Firmicutes	1	0.031685678
364	Stackebrandtia	Actinobacteria	1	0.031685678
365	Stakelama	Alphaproteobacteria	1	0.031685678
367	Starkeya	Alphaproteobacteria	1	0.031685678
368	Steroidobacter	Gammaproteobacteria	1	0.031685678
371	Streptomonospora	Actinobacteria	1	0.031685678
375	Subdoligranulum	Firmicutes	1	0.031685678
376	Sulfuritalea	Betaproteobacteria	1	0.031685678
377	Sutterella	Betaproteobacteria	1	0.031685678
378	Symbiobacterium	Firmicutes	1	0.031685678
379	Syntrophothermus	Firmicutes	1	0.031685678
382	Terracoccus	Actinobacteria	1	0.031685678
384	Tessaracoccus	Actinobacteria	1	0.031685678
386	Thalassobaculum	Alphaproteobacteria	1	0.031685678
387	Thermobacillus	Firmicutes	1	0.031685678
388	Thermomonas	Gammaproteobacteria	1	0.031685678
389	Thermomonospora	Actinobacteria	1	0.031685678
390	Thiobacillus	Betaproteobacteria	1	0.031685678
391	Thiomonas	Betaproteobacteria	1	0.031685678
393	Tuberibacillus	Firmicutes	1	0.031685678
395	Turicibacter	Firmicutes	1	0.031685678
396	Uliginosibacterium	Betaproteobacteria	1	0.031685678
398	Vampirovibrio	Deltaproteobacteria	1	0.031685678
399	Varibaculum	Actinobacteria	1	0.031685678
401	Verrucomicrobium	Verrucomicrobia	1	0.031685678
403	Vitreoscilla	Betaproteobacteria	1	0.031685678
404	Vogesella	Betaproteobacteria	1	0.031685678
407	Wenxinia	Alphaproteobacteria	1	0.031685678
408	Williamsia	Actinobacteria	1	0.031685678
410	Zavarzinella	Planctomycetes	1	0.031685678
412	Zymomonas	Alphaproteobacteria	1	0.031685678
413	unclassified_Acidobacteria_Gp1	Acidobacteria	1	0.031685678