	V1
"Topic45 (america, arable, dog, organismal, door)"	0.529726945
"Topic6 (soil, rhizosphere, field, garden, ant)"	0.215824972
"Topic54 (soil, field, terrestrial, compost, agricultural)"	0.056077326
"Topic17 (soil, forest, temperate, wood, peat)"	0.048360652
"Topic19 (soil, rhizosphere, plate, farm, root)"	0.020335791
"Topic70 (marine, sediment, sponge, sea, deep)"	0.014728664
"Topic32 (female, male, vaginal, sapiens, perianal)"	0.014036192
"Topic59 (skin, sediment, disease, female, oil)"	0.013331264
"Topic56 (sludge, activate, wastewater, bioreactor, plant)"	0.013326113
"Topic66 (disease, skin, fossa, male, crease)"	0.012636815
"Topic2 (gut, ant, patient, marsh, fungus)"	0.010526451
"Topic13 (male, disease, naris, skin, female)"	0.009145925
"Topic27 (skin, forearm, volar, surface, hand)"	0.009130366
"Topic23 (crease, male, disease, skin, fossa)"	0.005631762
"Topic44 (sand, oil, depth, normal, hydrocarbon)"	0.005629922
"Topic51 (feces, gut, intestinal, pig, antibiotic)"	0.004236993
"Topic37 (female, vaginal, introitus, vagina, fornix)"	0.003549426
"Topic73 (mouse, gut, fecal, gnotobiotic, healthy)"	0.002817872
"Topic4 (mosquito, acinetobacter, gambiae, anopheles, male)"	0.002122919
"Topic20 (oral, female, saliva, vaginal, male)"	0.0014638
"Topic33 (gut, stool, neonatal, sapiens, healthy)"	0.001412346
"Topic52 (vaginal, female, american, african, introitus)"	0.00141112
"Topic62 (male, gingiva, mucosal, mucosa, bovine)"	0.000733136
"Topic9 (gut, healthy, kwashiorkor, twin, fecal)"	0.000724281
"Topic61 (esophageal, adenocarcinoma, stomach, foregut, adult)"	0.000715979
"Topic75 (gut, mouse, musculus, mu, fermentation)"	0.000715277
"Topic63 (marine, water, coastal, sea, seawater)"	0.000711995
"Topic24 (gut, swine, feces, rumen, pig)"	6.50E-05
"Topic79 (gut, male, female, feces, stool)"	4.19E-05
"Topic30 (male, female, tonsil, palate, dorsum)"	3.47E-05
"Topic15 (dorsum, female, male, oral, plaque)"	3.41E-05
"Topic31 (gut, fecal, male, disease, feces)"	3.32E-05
"Topic16 (gut, mouse, fecal, gnotobiotic, kwashiorkor)"	3.29E-05
"Topic21 (esophageal, mucosa, adenocarcinoma, male, female)"	3.13E-05
"Topic12 (tonsil, diseased, oral, canal, root)"	3.00E-05
"Topic72 (oral, healthy, dog, america, adult)"	2.89E-05
"Topic48 (america, skin, dog, organismal, pet)"	2.85E-05
"Topic28 (gut, america, fecal, abdominal, recurrent)"	2.84E-05
"Topic76 (phyllosphere, field, lettuce, sativa, material)"	2.81E-05
"Topic74 (male, gingiva, female, mucosa, dorsum)"	2.79E-05
"Topic68 (gut, infant, pig, role, uncultivated)"	2.70E-05
"Topic49 (plaque, male, female, dental, kingdom)"	2.42E-05
"Topic41 (mouse, gut, diet, stool, feces)"	2.39E-05
"Topic42 (horse, rumen, kingdom, gut, colon)"	2.19E-05
"Topic5 (root, endophyte, rhizosphere, compartment, germany)"	2.14E-05
"Topic18 (soil, lettuce, sediment, arable, bovine)"	2.14E-05
"Topic35 (ant, mosquito, attine, gamboa, nest)"	1.90E-05
"Topic78 (kwashiorkor, gut, fecal, mouse, gnotobiotic)"	1.79E-05
"Topic67 (mouse, gut, mycobacterium, tuberculosis, stool)"	1.70E-05
"Topic53 (water, freshwater, river, wastewater, lake)"	1.67E-05
"Topic55 (spring, sediment, hot, anaerobic, canada)"	1.62E-05
"Topic46 (biofilm, water, drink, copper, grow)"	1.62E-05
"Topic64 (gut, feces, china, dietary, faecal)"	1.55E-05
"Topic65 (phyllosphere, sativa, field, lettuce, vancomycin)"	1.51E-05
"Topic34 (sediment, marine, coastal, marsh, mat)"	1.50E-05
"Topic3 (water, freshwater, baltic, lake, sea)"	1.43E-05
"Topic47 (mouse, fecal, gnotobiotic, recipient, kwashiorkor)"	1.40E-05
"Topic60 (skin, healthy, canine, esophageal, milk)"	1.31E-05
"Topic77 (sediment, digester, pit, anaerobic, mud)"	1.25E-05
"Topic50 (gut, varians, ant, cephalotes, insect)"	1.21E-05
"Topic29 (dental, terrestrial, oral, biofilm, industrial)"	1.21E-05
"Topic57 (sand, marine, beach, surface, fish)"	1.11E-05
"Topic11 (beach, sand, marine, surface, oil)"	1.08E-05
"Topic36 (gut, terrestrial, aries, ovis, rumen)"	1.03E-05
"Topic25 (vaginal, gut, female, america, healthy)"	9.49E-06
"Topic39 (marine, minimum, oxygen, zone, ocean)"	8.86E-06
"Topic26 (spring, hot, sediment, archaeal, canada)"	7.54E-06
"Topic22 (mouse, fecal, diet, healthy, gnotobiotic)"	7.50E-06
"Topic1 (marsh, marine, anthropogenic, fecal, sippewissett)"	7.48E-06
"Topic0 (marine, mat, hydrothermal, vent, water)"	7.08E-06
"Topic38 (disease, skin, hand, naris, male)"	5.98E-06
"Topic40 (water, sea, marine, saline, ocean)"	5.74E-06
"Topic7 (water, marine, sea, seawater, compartment)"	5.44E-06
"Topic58 (marine, spring, lake, water, hot)"	5.21E-06
"Topic43 (female, vaginal, introitus, fornix, scot)"	5.03E-06
"Topic8 (hydrocarbon, tail, water, pond, oil)"	4.35E-06
"Topic14 (coral, skin, reef, marine, healthy)"	3.92E-06
"Topic71 (mine, tail, compost, spring, natural)"	3.81E-06
"Topic69 (bee, gut, sediment, marine, colony)"	3.08E-06
"Topic10 (concrete, biofilms, corrosion, biofilm, rocky)"	1.71E-06