	genus	phylum_class	Nreads	pct.Nreads
1	GpI	Cyanobacteria_Chloroplast	395	20.84432718
2	Sphingomonas	Alphaproteobacteria	93	4.907651715
3	Craurococcus	Alphaproteobacteria	89	4.696569921
4	Rubellimicrobium	Alphaproteobacteria	64	3.377308707
5	Gemmatimonas	Gemmatimonadetes	60	3.166226913
6	Streptophyta	Cyanobacteria_Chloroplast	58	3.060686016
7	Microlunatus	Actinobacteria	47	2.480211082
8	GpV	Cyanobacteria_Chloroplast	46	2.427440633
9	Pseudonocardia	Actinobacteria	46	2.427440633
10	Deinococcus	Deinococcus_Thermus	43	2.269129288
11	GpIV	Cyanobacteria_Chloroplast	37	1.952506596
12	Gp4	Acidobacteria	33	1.741424802
13	Spirosoma	Bacteroidetes	32	1.688654354
14	Roseomonas	Alphaproteobacteria	31	1.635883905
15	Friedmanniella	Actinobacteria	26	1.372031662
16	Methylobacterium	Alphaproteobacteria	26	1.372031662
17	Sphaerobacter	Chloroflexi	25	1.319261214
18	Rhodopila	Alphaproteobacteria	19	1.002638522
19	Escherichia/Shigella	Gammaproteobacteria	18	0.949868074
20	Hymenobacter	Bacteroidetes	18	0.949868074
21	Sporichthya	Actinobacteria	18	0.949868074
22	Staphylococcus	Firmicutes	18	0.949868074
23	GpXIII	Cyanobacteria_Chloroplast	15	0.791556728
24	Truepera	Deinococcus_Thermus	15	0.791556728
25	Gemmata	Planctomycetes	14	0.73878628
26	Nocardioides	Actinobacteria	14	0.73878628
27	Acidisphaera	Alphaproteobacteria	13	0.686015831
28	Corynebacterium	Actinobacteria	13	0.686015831
29	Blastococcus	Actinobacteria	12	0.633245383
30	Conexibacter	Actinobacteria	12	0.633245383
31	Microvirga	Alphaproteobacteria	12	0.633245383
32	Actinoplanes	Actinobacteria	9	0.474934037
33	Kineococcus	Actinobacteria	9	0.474934037
34	Paracoccus	Alphaproteobacteria	9	0.474934037
35	Propionibacterium	Actinobacteria	8	0.422163588
36	Sandaracinobacter	Alphaproteobacteria	8	0.422163588
37	Arthrobacter	Actinobacteria	7	0.36939314
38	Microbacterium	Actinobacteria	7	0.36939314
39	Modestobacter	Actinobacteria	7	0.36939314
40	Rubrobacter	Actinobacteria	7	0.36939314
41	Actinomycetospora	Actinobacteria	6	0.316622691
42	Armatimonas/Armatimonadetes_gp1	Armatimonadetes	6	0.316622691
43	Auraticoccus	Actinobacteria	6	0.316622691
44	Chlorophyta	Cyanobacteria_Chloroplast	6	0.316622691
45	Flavisolibacter	Bacteroidetes	6	0.316622691
46	GpIX	Cyanobacteria_Chloroplast	6	0.316622691
47	Rickettsia	Alphaproteobacteria	6	0.316622691
48	Armatimonadetes_gp5	Armatimonadetes	5	0.263852243
49	Cellulomonas	Actinobacteria	5	0.263852243
50	Chelatococcus	Alphaproteobacteria	5	0.263852243
51	Crossiella	Actinobacteria	5	0.263852243
52	Devosia	Alphaproteobacteria	5	0.263852243
53	Edwardsiella	Gammaproteobacteria	5	0.263852243
54	Enterococcus	Firmicutes	5	0.263852243
55	Humicoccus	Actinobacteria	5	0.263852243
56	Lactobacillus	Firmicutes	5	0.263852243
57	Streptomyces	Actinobacteria	5	0.263852243
58	Arsenicicoccus	Actinobacteria	4	0.211081794
59	Bacillus	Firmicutes	4	0.211081794
60	Croceicoccus	Alphaproteobacteria	4	0.211081794
61	Ferruginibacter	Bacteroidetes	4	0.211081794
62	Geminicoccus	Alphaproteobacteria	4	0.211081794
63	Geodermatophilus	Actinobacteria	4	0.211081794
64	Gp3	Acidobacteria	4	0.211081794
65	GpXI	Cyanobacteria_Chloroplast	4	0.211081794
66	Ilumatobacter	Actinobacteria	4	0.211081794
67	Lysinibacillus	Firmicutes	4	0.211081794
68	Lysobacter	Gammaproteobacteria	4	0.211081794
69	Nakamurella	Actinobacteria	4	0.211081794
70	Paenibacillus	Firmicutes	4	0.211081794
71	Pseudomonas	Gammaproteobacteria	4	0.211081794
72	Rhodobacter	Alphaproteobacteria	4	0.211081794
73	Rhodococcus	Actinobacteria	4	0.211081794
74	Rhodocytophaga	Bacteroidetes	4	0.211081794
75	Salmonella	Gammaproteobacteria	4	0.211081794
76	Singulisphaera	Planctomycetes	4	0.211081794
77	Solirubrobacter	Actinobacteria	4	0.211081794
78	Acetobacter	Alphaproteobacteria	3	0.158311346
79	Acinetobacter	Gammaproteobacteria	3	0.158311346
80	Adhaeribacter	Bacteroidetes	3	0.158311346
81	Bellilinea	Chloroflexi	3	0.158311346
82	Byssovorax	Deltaproteobacteria	3	0.158311346
83	Comamonas	Betaproteobacteria	3	0.158311346
84	Gp25	Acidobacteria	3	0.158311346
85	Iamia	Actinobacteria	3	0.158311346
86	Kibdelosporangium	Actinobacteria	3	0.158311346
87	Limnobacter	Betaproteobacteria	3	0.158311346
88	Massilia	Betaproteobacteria	3	0.158311346
89	Oerskovia	Actinobacteria	3	0.158311346
90	Planococcaceae_incertae_sedis	Firmicutes	3	0.158311346
91	Quadrisphaera	Actinobacteria	3	0.158311346
92	Rhizobium	Alphaproteobacteria	3	0.158311346
93	Rhodomicrobium	Alphaproteobacteria	3	0.158311346
94	Rhodoplanes	Alphaproteobacteria	3	0.158311346
95	Roseburia	Firmicutes	3	0.158311346
96	Roseococcus	Alphaproteobacteria	3	0.158311346
97	Sorangium	Deltaproteobacteria	3	0.158311346
98	Virgisporangium	Actinobacteria	3	0.158311346
99	Acidiphilium	Alphaproteobacteria	2	0.105540897
100	Actinocatenispora	Actinobacteria	2	0.105540897
101	Amnibacterium	Actinobacteria	2	0.105540897
102	Ancylobacter	Alphaproteobacteria	2	0.105540897
103	Balneimonas	Alphaproteobacteria	2	0.105540897
104	Beijerinckia	Alphaproteobacteria	2	0.105540897
105	Blastochloris	Alphaproteobacteria	2	0.105540897
106	Bradyrhizobium	Alphaproteobacteria	2	0.105540897
107	Brevundimonas	Alphaproteobacteria	2	0.105540897
108	Caldilinea	Chloroflexi	2	0.105540897
109	Catelliglobosispora	Actinobacteria	2	0.105540897
110	Clostridium sensu stricto	Firmicutes	2	0.105540897
111	Coxiella	Gammaproteobacteria	2	0.105540897
112	Cryptosporangium	Actinobacteria	2	0.105540897
113	Deinobacterium	Deinococcus_Thermus	2	0.105540897
114	Dermacoccus	Actinobacteria	2	0.105540897
115	Fibrella	Bacteroidetes	2	0.105540897
116	Fibrisoma	Bacteroidetes	2	0.105540897
117	Fodinicola	Actinobacteria	2	0.105540897
118	Gardnerella	Actinobacteria	2	0.105540897
119	Gp6	Acidobacteria	2	0.105540897
120	GpIIa	Cyanobacteria_Chloroplast	2	0.105540897
121	GpVIII	Cyanobacteria_Chloroplast	2	0.105540897
122	GpXII	Cyanobacteria_Chloroplast	2	0.105540897
123	Inquilinus	Alphaproteobacteria	2	0.105540897
124	Kineosporia	Actinobacteria	2	0.105540897
125	Krasilnikovia	Actinobacteria	2	0.105540897
126	Labrys	Alphaproteobacteria	2	0.105540897
127	Leclercia	Gammaproteobacteria	2	0.105540897
128	Leucobacter	Actinobacteria	2	0.105540897
129	Longilinea	Chloroflexi	2	0.105540897
130	Marmoricola	Actinobacteria	2	0.105540897
131	Methylocystis	Alphaproteobacteria	2	0.105540897
132	Micrococcus	Actinobacteria	2	0.105540897
133	Micromonospora	Actinobacteria	2	0.105540897
134	Neoasaia	Alphaproteobacteria	2	0.105540897
135	Nocardia	Actinobacteria	2	0.105540897
136	Ochrobactrum	Alphaproteobacteria	2	0.105540897
137	Okibacterium	Actinobacteria	2	0.105540897
138	Ornithinicoccus	Actinobacteria	2	0.105540897
139	Propioniferax	Actinobacteria	2	0.105540897
140	Rhizobacter	Gammaproteobacteria	2	0.105540897
141	Roseivirga	Bacteroidetes	2	0.105540897
142	Saccharopolyspora	Actinobacteria	2	0.105540897
143	Salisaeta	Bacteroidetes	2	0.105540897
144	Segetibacter	Bacteroidetes	2	0.105540897
145	Simplicispira	Betaproteobacteria	2	0.105540897
146	Siphonobacter	Bacteroidetes	2	0.105540897
147	Skermanella	Alphaproteobacteria	2	0.105540897
148	Spartobacteria_genera_incertae_sedis	Verrucomicrobia	2	0.105540897
149	Stappia	Alphaproteobacteria	2	0.105540897
150	Starkeya	Alphaproteobacteria	2	0.105540897
151	Streptococcus	Firmicutes	2	0.105540897
152	TM7_genera_incertae_sedis	TM7	2	0.105540897
153	Tessaracoccus	Actinobacteria	2	0.105540897
154	Virgibacillus	Firmicutes	2	0.105540897
155	Zavarzinella	Planctomycetes	2	0.105540897
156	Zymomonas	Alphaproteobacteria	2	0.105540897
157	Acetivibrio	Firmicutes	1	0.052770449
158	Achromobacter	Betaproteobacteria	1	0.052770449
159	Acidisoma	Alphaproteobacteria	1	0.052770449
160	Aciditerrimonas	Actinobacteria	1	0.052770449
161	Acidocella	Alphaproteobacteria	1	0.052770449
162	Actinophytocola	Actinobacteria	1	0.052770449
163	Actinopolyspora	Actinobacteria	1	0.052770449
164	Advenella	Betaproteobacteria	1	0.052770449
165	Aeromicrobium	Actinobacteria	1	0.052770449
166	Afifella	Alphaproteobacteria	1	0.052770449
167	Agrococcus	Actinobacteria	1	0.052770449
168	Amaricoccus	Alphaproteobacteria	1	0.052770449
169	Amycolatopsis	Actinobacteria	1	0.052770449
170	Anderseniella	Alphaproteobacteria	1	0.052770449
171	Angustibacter	Actinobacteria	1	0.052770449
172	Aspromonas	Gammaproteobacteria	1	0.052770449
173	Austwickia	Actinobacteria	1	0.052770449
174	Belnapia	Alphaproteobacteria	1	0.052770449
175	Bhargavaea	Firmicutes	1	0.052770449
176	Bifidobacterium	Actinobacteria	1	0.052770449
177	Blastomonas	Alphaproteobacteria	1	0.052770449
178	Bogoriella	Actinobacteria	1	0.052770449
179	Bordetella	Betaproteobacteria	1	0.052770449
180	Bosea	Alphaproteobacteria	1	0.052770449
181	Brachybacterium	Actinobacteria	1	0.052770449
182	Brevibacterium	Actinobacteria	1	0.052770449
183	Caldimicrobium	Thermodesulfobacteria	1	0.052770449
184	Caulobacter	Alphaproteobacteria	1	0.052770449
185	Cellulosimicrobium	Actinobacteria	1	0.052770449
186	Chloroflexus	Chloroflexi	1	0.052770449
187	Chryseobacterium	Bacteroidetes	1	0.052770449
188	Chthonomonas/Armatimonadetes_gp3	Armatimonadetes	1	0.052770449
189	Citrobacter	Gammaproteobacteria	1	0.052770449
190	Cohnella	Firmicutes	1	0.052770449
191	Cryptomonadaceae	Cyanobacteria_Chloroplast	1	0.052770449
192	Delftia	Betaproteobacteria	1	0.052770449
193	Denitratisoma	Betaproteobacteria	1	0.052770449
194	Derxia	Betaproteobacteria	1	0.052770449
195	Desulfosporosinus	Firmicutes	1	0.052770449
196	Diaphorobacter	Betaproteobacteria	1	0.052770449
197	Dyella	Gammaproteobacteria	1	0.052770449
198	Euzebya	Actinobacteria	1	0.052770449
199	Flavobacterium	Bacteroidetes	1	0.052770449
200	Georgenia	Actinobacteria	1	0.052770449
201	Gordonia	Actinobacteria	1	0.052770449
202	Gp10	Acidobacteria	1	0.052770449
203	Herbaspirillum	Betaproteobacteria	1	0.052770449
204	Hippea	Deltaproteobacteria	1	0.052770449
205	Hoyosella	Actinobacteria	1	0.052770449
206	Janthinobacterium	Betaproteobacteria	1	0.052770449
207	Jeotgalicoccus	Firmicutes	1	0.052770449
208	Jhaorihella	Alphaproteobacteria	1	0.052770449
209	Klebsiella	Gammaproteobacteria	1	0.052770449
210	Kluyvera	Gammaproteobacteria	1	0.052770449
211	Kocuria	Actinobacteria	1	0.052770449
212	Kribbella	Actinobacteria	1	0.052770449
213	Kutzneria	Actinobacteria	1	0.052770449
214	Kytococcus	Actinobacteria	1	0.052770449
215	Lachnospiracea_incertae_sedis	Firmicutes	1	0.052770449
216	Legionella	Gammaproteobacteria	1	0.052770449
217	Leifsonia	Actinobacteria	1	0.052770449
218	Lentibacillus	Firmicutes	1	0.052770449
219	Longispora	Actinobacteria	1	0.052770449
220	Magnetospirillum	Alphaproteobacteria	1	0.052770449
221	Methylocapsa	Alphaproteobacteria	1	0.052770449
222	Methylocella	Alphaproteobacteria	1	0.052770449
223	Murinocardiopsis	Actinobacteria	1	0.052770449
224	Mycetocola	Actinobacteria	1	0.052770449
225	Mycobacterium	Actinobacteria	1	0.052770449
226	Naxibacter	Betaproteobacteria	1	0.052770449
227	Nesiotobacter	Alphaproteobacteria	1	0.052770449
228	Nesterenkonia	Actinobacteria	1	0.052770449
229	Nitriliruptor	Actinobacteria	1	0.052770449
230	Nonomuraea	Actinobacteria	1	0.052770449
231	Novosphingobium	Alphaproteobacteria	1	0.052770449
232	Parachlamydia	Chlamydiae	1	0.052770449
233	Paraprevotella	Bacteroidetes	1	0.052770449
234	Pedobacter	Bacteroidetes	1	0.052770449
235	Peptoniphilus	Firmicutes	1	0.052770449
236	Peredibacter	Deltaproteobacteria	1	0.052770449
237	Phaeovibrio	Alphaproteobacteria	1	0.052770449
238	Phenylobacterium	Alphaproteobacteria	1	0.052770449
239	Planctomyces	Planctomycetes	1	0.052770449
240	Planifilum	Firmicutes	1	0.052770449
241	Propionicimonas	Actinobacteria	1	0.052770449
242	Pseudoclavibacter	Actinobacteria	1	0.052770449
243	Rhodoblastus	Alphaproteobacteria	1	0.052770449
244	Rhodovibrio	Alphaproteobacteria	1	0.052770449
245	Saccharothrix	Actinobacteria	1	0.052770449
246	Salinarimonas	Alphaproteobacteria	1	0.052770449
247	Sandarakinorhabdus	Alphaproteobacteria	1	0.052770449
248	Sediminibacterium	Bacteroidetes	1	0.052770449
249	Serratia	Gammaproteobacteria	1	0.052770449
250	Solitalea	Bacteroidetes	1	0.052770449
251	Sphingobacterium	Bacteroidetes	1	0.052770449
252	Sphingobium	Alphaproteobacteria	1	0.052770449
253	Spirillospora	Actinobacteria	1	0.052770449
254	Spirochaeta	Spirochaetes	1	0.052770449
255	Stenotrophomonas	Gammaproteobacteria	1	0.052770449
256	Steroidobacter	Gammaproteobacteria	1	0.052770449
257	Subtercola	Actinobacteria	1	0.052770449
258	Succiniclasticum	Firmicutes	1	0.052770449
259	Thermobifida	Actinobacteria	1	0.052770449
260	Thioprofundum	Gammaproteobacteria	1	0.052770449
261	Turicibacter	Firmicutes	1	0.052770449
262	Variovorax	Betaproteobacteria	1	0.052770449
263	Verrucomicrobium	Verrucomicrobia	1	0.052770449
264	Victivallis	Lentisphaerae	1	0.052770449
265	Wenxinia	Alphaproteobacteria	1	0.052770449
266	Zhihengliuella	Actinobacteria	1	0.052770449
267	unclassified_Acidobacteria_Gp3	Acidobacteria	1	0.052770449